{"cameraMode":{"drawMode":0,"name":"Shaded","section":"Shading Mode"},"sceneLighting":true,"audioPlay":false,"sceneViewState":{"m_AlwaysRefresh":false,"showFog":true,"showSkybox":false,"showFlares":true,"showImageEffects":true,"showParticleSystems":true,"showVisualEffectGraphs":true,"m_FxEnabled":true},"in2DMode":false,"pivot":{"x":147.18495178222657,"y":2.339141368865967,"z":43.80275344848633},"rotation":{"x":0.0026643816381692888,"y":0.9952759146690369,"z":-0.02868368662893772,"w":0.09313257783651352},"size":1.9157681465148926,"orthographic":false}