{"cameraMode":{"drawMode":0,"name":"Shaded","section":"Shading Mode"},"sceneLighting":true,"audioPlay":false,"sceneViewState":{"m_AlwaysRefresh":false,"showFog":true,"showSkybox":false,"showFlares":true,"showImageEffects":true,"showParticleSystems":true,"showVisualEffectGraphs":true,"m_FxEnabled":true},"in2DMode":false,"pivot":{"x":151.34413146972657,"y":3.441326141357422,"z":44.523197174072269},"rotation":{"x":0.0026643816381692888,"y":0.9952759146690369,"z":-0.02868368662893772,"w":0.09313257783651352},"size":8.954522132873536,"orthographic":false}