{"cameraMode":{"drawMode":0,"name":"Shaded","section":"Shading Mode"},"sceneLighting":false,"audioPlay":false,"sceneViewState":{"m_AlwaysRefresh":false,"showFog":true,"showSkybox":false,"showFlares":true,"showImageEffects":true,"showParticleSystems":true,"showVisualEffectGraphs":true,"m_FxEnabled":true},"in2DMode":false,"pivot":{"x":156.64190673828126,"y":1.4749900102615357,"z":43.08216857910156},"rotation":{"x":0.22554296255111695,"y":0.08285840600728989,"z":-0.019171953201293947,"w":0.970620334148407},"size":1.5266385078430176,"orthographic":false}