{"cameraMode":{"drawMode":0,"name":"Shaded","section":"Shading Mode"},"sceneLighting":false,"audioPlay":false,"sceneViewState":{"m_AlwaysRefresh":false,"showFog":true,"showSkybox":false,"showFlares":true,"showImageEffects":true,"showParticleSystems":true,"showVisualEffectGraphs":true,"m_FxEnabled":true},"in2DMode":false,"pivot":{"x":12.663333892822266,"y":1.0799990892410279,"z":19.07086181640625},"rotation":{"x":-0.20756296813488007,"y":-0.10483650863170624,"z":0.02237376756966114,"w":-0.9723411798477173},"size":1.5317834615707398,"orthographic":false}