{"cameraMode":{"drawMode":0,"name":"Shaded","section":"Shading Mode"},"sceneLighting":true,"audioPlay":false,"sceneViewState":{"m_AlwaysRefresh":false,"showFog":true,"showSkybox":true,"showFlares":true,"showImageEffects":true,"showParticleSystems":true,"showVisualEffectGraphs":true,"m_FxEnabled":true},"in2DMode":false,"pivot":{"x":133.96658325195313,"y":14.96796989440918,"z":26.631027221679689},"rotation":{"x":-0.4159140884876251,"y":0.08221247792243958,"z":-0.037853579968214038,"w":-0.904961884021759},"size":18.069650650024415,"orthographic":false}