{"cameraMode":{"drawMode":0,"name":"Shaded","section":"Shading Mode"},"sceneLighting":true,"audioPlay":false,"sceneViewState":{"m_AlwaysRefresh":false,"showFog":true,"showSkybox":true,"showFlares":true,"showImageEffects":true,"showParticleSystems":true,"showVisualEffectGraphs":true,"m_FxEnabled":true},"in2DMode":false,"pivot":{"x":15.308662414550782,"y":1.1393182277679444,"z":20.525270462036134},"rotation":{"x":-0.06357629597187042,"y":-0.7554627656936646,"z":0.07412569224834442,"w":-0.6478897333145142},"size":1.2395743131637574,"orthographic":false}