{"cameraMode":{"drawMode":0,"name":"Shaded","section":"Shading Mode"},"sceneLighting":true,"audioPlay":false,"sceneViewState":{"m_AlwaysRefresh":false,"showFog":true,"showSkybox":true,"showFlares":true,"showImageEffects":true,"showParticleSystems":true,"showVisualEffectGraphs":true,"m_FxEnabled":true},"in2DMode":false,"pivot":{"x":150.8841552734375,"y":17.728126525878908,"z":50.86854553222656},"rotation":{"x":0.22554296255111695,"y":0.08285840600728989,"z":-0.019171953201293947,"w":0.970620334148407},"size":1.9754043817520142,"orthographic":false}