{"cameraMode":{"drawMode":0,"name":"Shaded","section":"Shading Mode"},"sceneLighting":true,"audioPlay":false,"sceneViewState":{"m_AlwaysRefresh":false,"showFog":true,"showSkybox":true,"showFlares":true,"showImageEffects":true,"showParticleSystems":true,"showVisualEffectGraphs":true,"m_FxEnabled":true},"in2DMode":false,"pivot":{"x":141.5688018798828,"y":1.3861700296401978,"z":32.786434173583987},"rotation":{"x":0.4001372754573822,"y":-0.18463879823684693,"z":0.0826558992266655,"w":0.8938537836074829},"size":4.9039692878723148,"orthographic":false}