{"cameraMode":{"drawMode":0,"name":"Shaded","section":"Shading Mode"},"sceneLighting":true,"audioPlay":false,"sceneViewState":{"m_AlwaysRefresh":false,"showFog":true,"showSkybox":true,"showFlares":true,"showImageEffects":true,"showParticleSystems":true,"showVisualEffectGraphs":true,"m_FxEnabled":true},"in2DMode":false,"pivot":{"x":18.41823959350586,"y":1.3231456279754639,"z":19.744199752807618},"rotation":{"x":0.0856737419962883,"y":-0.21700574457645417,"z":0.019219692796468736,"w":0.9723054766654968},"size":12.195381164550782,"orthographic":false}