{"cameraMode":{"drawMode":0,"name":"Shaded","section":"Shading Mode"},"sceneLighting":true,"audioPlay":false,"sceneViewState":{"m_AlwaysRefresh":false,"showFog":true,"showSkybox":true,"showFlares":true,"showImageEffects":true,"showParticleSystems":true,"showVisualEffectGraphs":true,"m_FxEnabled":true},"in2DMode":false,"pivot":{"x":25.829538345336915,"y":6.090879917144775,"z":29.259201049804689},"rotation":{"x":0.14974015951156617,"y":0.007410285994410515,"z":-0.0011221998138353229,"w":0.98869788646698},"size":11.411661148071289,"orthographic":false}