{"cameraMode":{"drawMode":0,"name":"Shaded","section":"Shading Mode"},"sceneLighting":true,"audioPlay":false,"sceneViewState":{"m_AlwaysRefresh":false,"showFog":true,"showSkybox":true,"showFlares":true,"showImageEffects":true,"showParticleSystems":true,"showVisualEffectGraphs":true,"m_FxEnabled":true},"in2DMode":false,"pivot":{"x":145.64450073242188,"y":19.578317642211915,"z":98.56883239746094},"rotation":{"x":-0.009469250217080117,"y":-0.9732670187950134,"z":0.22615046799182893,"w":-0.04063752666115761},"size":7.168228626251221,"orthographic":false}