{"cameraMode":{"drawMode":0,"name":"Shaded","section":"Shading Mode"},"sceneLighting":true,"audioPlay":false,"sceneViewState":{"m_AlwaysRefresh":false,"showFog":true,"showSkybox":true,"showFlares":true,"showImageEffects":true,"showParticleSystems":true,"showVisualEffectGraphs":true,"m_FxEnabled":true},"in2DMode":false,"pivot":{"x":21.836421966552736,"y":0.3242805004119873,"z":23.28495216369629},"rotation":{"x":-0.22591224312782288,"y":-0.2241019308567047,"z":0.053685326129198077,"w":-0.9466413855552673},"size":7.639533519744873,"orthographic":false}